names,places,imgs
Grande Mosquee,阿比让,https://dimg04.c-ctrip.com/images/0ww4w120008zby8v99EC7_R_228_10000.jpg
The Catholic Church of the Par...,阿比让,https://dimg04.c-ctrip.com/images/ww0v1f000001gzxxu73C2_R_228_10000.png->https://dimg04.c-ctrip.com/images/ww0l1f000001gp2800E36_R_228_10000.png->https://dimg04.c-ctrip.com/images/ww0l1f000001gp27v1A60_R_228_10000.png->https://dimg04.c-ctrip.com/images/ww051f000001greekB9F1_R_228_10000.png->https://dimg04.c-ctrip.com/images/ww0i1f000001gnpot1C0E_R_228_10000.png->https://dimg04.c-ctrip.com/images/ww0e1f000001grn6x84F4_R_228_10000.png->https://dimg04.c-ctrip.com/images/ww0g1f000001gpl36E046_R_228_10000.png->https://dimg04.c-ctrip.com/images/ww0m1f000001gya3p4C2A_R_228_10000.png->https://dimg04.c-ctrip.com/images/ww0o1f000001gnqhf3D2D_R_228_10000.png
Abokouamekro Game Reserve,阿比让,https://dimg04.c-ctrip.com/images/0ww2x12000955q3be5451_R_228_10000.jpg->https://dimg04.c-ctrip.com/images/0ww5b12000952b95243F6_R_228_10000.jpg
Cathedral Saint Michel,阿比让,https://dimg04.c-ctrip.com/images/0ww2s120008y6zoh53612_R_228_10000.jpg
Assagny National Park,阿比让,https://dimg04.c-ctrip.com/images/ww0h1f000001gpura7D40_R_228_10000.png->https://dimg04.c-ctrip.com/images/ww061f000001gowhe259B_R_228_10000.png->https://dimg04.c-ctrip.com/images/ww0f1f000001goau1537D_R_228_10000.png->https://dimg04.c-ctrip.com/images/ww0c1f000001gqxc217D9_R_228_10000.png->https://dimg04.c-ctrip.com/images/ww0d1f000001gmsubB09F_R_228_10000.png->https://dimg04.c-ctrip.com/images/ww0l1f000001gog5l4DBC_R_228_10000.png->https://dimg04.c-ctrip.com/images/ww0l1f000001gog5kFCD9_R_228_10000.png
Ex Poste de Douane,阿比让,https://dimg04.c-ctrip.com/images/0ww26120008ywnm777C57_R_228_10000.jpg
Maison Ganamet,阿比让,https://dimg04.c-ctrip.com/images/0ww4c12000aet1it2DE5C_R_228_10000.jpg->https://dimg04.c-ctrip.com/images/0ww49120008z3kh7e347D_R_228_10000.jpg->https://dimg04.c-ctrip.com/images/0ww3r120008ywnip8D9B7_R_228_10000.jpg
Dipi Crocodile Farm,阿比让,https://dimg04.c-ctrip.com/images/ww0t1f000001gox8d7408_R_228_10000.png->https://dimg04.c-ctrip.com/images/ww041f000001gnut3EEC4_R_228_10000.png->https://dimg04.c-ctrip.com/images/ww0h1f000001gqg3hA973_R_228_10000.png->https://dimg04.c-ctrip.com/images/ww0n1f000001gnxmlFDF0_R_228_10000.png->https://dimg04.c-ctrip.com/images/ww0e1f000001grmg793DB_R_228_10000.png->https://dimg04.c-ctrip.com/images/ww0c1f000001grio623CA_R_228_10000.png->https://dimg04.c-ctrip.com/images/ww0v1f000001gzx7h0923_R_228_10000.png->https://dimg04.c-ctrip.com/images/ww0a1f000001gq71kE1E5_R_228_10000.png->https://dimg04.c-ctrip.com/images/ww0v1f000001gzx77B00D_R_228_10000.png
平衡石公园,哈拉雷,https://dimg04.c-ctrip.com/images/100k1f000001guiao129C_R_228_10000.jpg->https://dimg04.c-ctrip.com/images/0101x120008j47of7C3C7_R_228_10000.jpg->https://dimg04.c-ctrip.com/images/0ww1g12000ae1jdql66BB_R_228_10000.jpg->https://dimg04.c-ctrip.com/images/0ww6y12000ae1jisz98F3_R_228_10000.jpg->https://dimg04.c-ctrip.com/images/0ww1h12000ae1ji81E346_R_228_10000.jpg->https://dimg04.c-ctrip.com/images/0ww4x12000ae1j4lo5595_R_228_10000.jpg->https://dimg04.c-ctrip.com/images/0ww0z12000ae1jdv442C5_R_228_10000.jpg
津巴布韦国家艺廊,哈拉雷,https://dimg04.c-ctrip.com/images/0ww0p12000aeskil045A5_R_228_10000.jpg->https://dimg04.c-ctrip.com/images/0ww4u1200094ab8jp33A5_R_228_10000.jpg->https://dimg04.c-ctrip.com/images/0ww4t12000947lz2682EC_R_228_10000.jpg->https://dimg04.c-ctrip.com/images/0ww4412000946b6u10B70_R_228_10000.jpg
