city,links
上海,https://you.ctrip.com/place/shanghai2.html
北京,https://you.ctrip.com/place/beijing1.html
天津,https://you.ctrip.com/place/tianjin154.html
重庆,https://you.ctrip.com/place/chongqing158.html
香港,https://you.ctrip.com/place/hongkong38.html
澳门,https://you.ctrip.com/place/macau39.html
台北,https://you.ctrip.com/place/taipei360.html
高雄,https://you.ctrip.com/place/kaohsiung756.html
台中,https://you.ctrip.com/place/taichung1369.html
新北,https://you.ctrip.com/place/newtaipeicity2063.html
屏东,https://you.ctrip.com/place/pingtung1364.html
花莲,https://you.ctrip.com/place/hualien1366.html
桃园,https://you.ctrip.com/place/taoyuan1439.html
台南,https://you.ctrip.com/place/tainan757.html
宜兰,https://you.ctrip.com/place/yilan1383.html
南投,https://you.ctrip.com/place/nantou759.html
台东,https://you.ctrip.com/place/taitung760.html
澎湖,https://you.ctrip.com/place/penghu1367.html
嘉义市,https://you.ctrip.com/place/chiayicity758.html
嘉义县,https://you.ctrip.com/place/chiayicounty3182.html
新竹,https://you.ctrip.com/place/hsinchu1197.html
新竹县,https://you.ctrip.com/place/hsinchucounty3198.html
基隆,https://you.ctrip.com/place/jilong1382.html
苗栗,https://you.ctrip.com/place/miaoli3199.html
三亚,https://you.ctrip.com/place/sanya61.html
海口,https://you.ctrip.com/place/haikou37.html
万宁,https://you.ctrip.com/place/wanning846.html
陵水,https://you.ctrip.com/place/lingshui1509.html
琼海,https://you.ctrip.com/place/qionghai843.html
文昌,https://you.ctrip.com/place/wenchang1007.html
儋州,https://you.ctrip.com/place/danzhou841.html
澄迈,https://you.ctrip.com/place/chengmai2457.html
五指山,https://you.ctrip.com/place/wuzhishan982.html
保亭,https://you.ctrip.com/place/baoting1009.html
昌江,https://you.ctrip.com/place/changjiang2456.html
东方,https://you.ctrip.com/place/dongfang842.html
乐东,https://you.ctrip.com/place/ledong981.html
定安,https://you.ctrip.com/place/dingan2021.html
临高,https://you.ctrip.com/place/lingao2458.html
琼中,https://you.ctrip.com/place/qiongzhong844.html
白沙,https://you.ctrip.com/place/baisha2455.html
屯昌,https://you.ctrip.com/place/tunchang845.html
三沙,https://you.ctrip.com/place/sansha120101.html
杭州,https://you.ctrip.com/place/hangzhou14.html
舟山,https://you.ctrip.com/place/zhoushan479.html
宁波,https://you.ctrip.com/place/ningbo83.html
桐乡,https://you.ctrip.com/place/tongxiang220.html
温州,https://you.ctrip.com/place/wenzhou153.html
淳安,https://you.ctrip.com/place/chunan2249.html
安吉,https://you.ctrip.com/place/anji686.html
德清,https://you.ctrip.com/place/deqing1011.html
湖州,https://you.ctrip.com/place/huzhou68.html
台州,https://you.ctrip.com/place/taizhou402.html
绍兴,https://you.ctrip.com/place/shaoxing18.html
义乌,https://you.ctrip.com/place/yiwu1005.html
桐庐,https://you.ctrip.com/place/tonglu688.html
嵊泗,https://you.ctrip.com/place/shengsi82.html
嘉兴,https://you.ctrip.com/place/jiaxing272.html
丽水,https://you.ctrip.com/place/lishui441.html
金华,https://you.ctrip.com/place/jinhua219.html
余姚,https://you.ctrip.com/place/yuyao98.html
象山,https://you.ctrip.com/place/xiangshan723.html
衢州,https://you.ctrip.com/place/quzhou174.html
广州,https://you.ctrip.com/place/guangzhou152.html
深圳,https://you.ctrip.com/place/shenzhen26.html
珠海,https://you.ctrip.com/place/zhuhai27.html
佛山,https://you.ctrip.com/place/foshan207.html
惠州,https://you.ctrip.com/place/huizhou213.html
东莞,https://you.ctrip.com/place/dongguan212.html
汕头,https://you.ctrip.com/place/shantou215.html
清远,https://you.ctrip.com/place/qingyuan517.html
潮州,https://you.ctrip.com/place/chaozhou467.html
湛江,https://you.ctrip.com/place/zhanjiang202.html
阳江,https://you.ctrip.com/place/yangjiang363.html
惠东,https://you.ctrip.com/place/huidong956.html
揭阳,https://you.ctrip.com/place/jieyang835.html
中山,https://you.ctrip.com/place/zhongshan233.html
肇庆,https://you.ctrip.com/place/zhaoqing269.html
江门,https://you.ctrip.com/place/jiangmen362.html
汕尾,https://you.ctrip.com/place/shanwei624.html
韶关,https://you.ctrip.com/place/shaoguan222.html
南澳,https://you.ctrip.com/place/nanao958.html
台山,https://you.ctrip.com/place/taishan673.html
南京,https://you.ctrip.com/place/nanjing9.html
苏州,https://you.ctrip.com/place/suzhou11.html
无锡,https://you.ctrip.com/place/wuxi10.html
扬州,https://you.ctrip.com/place/yangzhou12.html
常州,https://you.ctrip.com/place/changzhou206.html
南通,https://you.ctrip.com/place/nantong85.html
徐州,https://you.ctrip.com/place/xuzhou230.html
昆山,https://you.ctrip.com/place/kunshan77.html
连云港,https://you.ctrip.com/place/lianyungang238.html
盐城,https://you.ctrip.com/place/yancheng493.html
淮安,https://you.ctrip.com/place/huaian351.html
镇江,https://you.ctrip.com/place/zhenjiang13.html
溧阳,https://you.ctrip.com/place/liyang598.html
泰州,https://you.ctrip.com/place/taizhou494.html
宜兴,https://you.ctrip.com/place/yixing227.html
常熟,https://you.ctrip.com/place/changshu101.html
张家港,https://you.ctrip.com/place/zhangjiagang203.html
启东,https://you.ctrip.com/place/qidong1542.html
太仓,https://you.ctrip.com/place/taicang255.html
宿迁,https://you.ctrip.com/place/suqian492.html
青岛,https://you.ctrip.com/place/qingdao5.html
济南,https://you.ctrip.com/place/jinan128.html
威海,https://you.ctrip.com/place/weihai169.html
烟台,https://you.ctrip.com/place/yantai170.html
淄博,https://you.ctrip.com/place/zibo536.html
泰安,https://you.ctrip.com/place/taian746.html
日照,https://you.ctrip.com/place/rizhao622.html
潍坊,https://you.ctrip.com/place/weifang226.html
临沂,https://you.ctrip.com/place/linyi480.html
济宁,https://you.ctrip.com/place/jining658.html
曲阜,https://you.ctrip.com/place/qufu129.html
荣成,https://you.ctrip.com/place/rongcheng899.html
枣庄,https://you.ctrip.com/place/zaozhuang656.html
菏泽,https://you.ctrip.com/place/heze708.html
德州,https://you.ctrip.com/place/dezhou603.html
胶州,https://you.ctrip.com/place/jiaozhou1836.html
聊城,https://you.ctrip.com/place/liaocheng635.html
东营,https://you.ctrip.com/place/dongying612.html
青州,https://you.ctrip.com/place/qingzhou898.html
齐河,https://you.ctrip.com/place/qihexian2885.html
沈阳,https://you.ctrip.com/place/shenyang155.html
大连,https://you.ctrip.com/place/dalian4.html
锦州,https://you.ctrip.com/place/jinzhou513.html
丹东,https://you.ctrip.com/place/dandong315.html
营口,https://you.ctrip.com/place/yingkou692.html
鞍山,https://you.ctrip.com/place/anshan229.html
葫芦岛,https://you.ctrip.com/place/huludao345.html
盘锦,https://you.ctrip.com/place/panjin602.html
本溪,https://you.ctrip.com/place/benxi463.html
绥中,https://you.ctrip.com/place/suizhong2133.html
朝阳,https://you.ctrip.com/place/chaoyang1104.html
辽阳,https://you.ctrip.com/place/liaoyang881.html
兴城,https://you.ctrip.com/place/xingcheng1399.html
阜新,https://you.ctrip.com/place/fuxin879.html
抚顺,https://you.ctrip.com/place/fushun514.html
海城,https://you.ctrip.com/place/haicheng607.html
铁岭,https://you.ctrip.com/place/tieling589.html
瓦房店,https://you.ctrip.com/place/wafangdian2136.html
盖州,https://you.ctrip.com/place/gaizhou1941.html
本溪县,https://you.ctrip.com/place/benxicounty1446026.html
厦门,https://you.ctrip.com/place/xiamen21.html
福州,https://you.ctrip.com/place/fuzhou164.html
泉州,https://you.ctrip.com/place/quanzhou243.html
平潭,https://you.ctrip.com/place/pingtan2652.html
武夷山,https://you.ctrip.com/place/wuyishan22.html
霞浦,https://you.ctrip.com/place/xiapu1154.html
漳州,https://you.ctrip.com/place/zhangzhou334.html
莆田,https://you.ctrip.com/place/putian317.html
晋江,https://you.ctrip.com/place/jinjiang675.html
东山,https://you.ctrip.com/place/dongshan2662.html
龙岩,https://you.ctrip.com/place/longyan366.html
三明,https://you.ctrip.com/place/sanming620.html
南平,https://you.ctrip.com/place/nanping827.html
宁德,https://you.ctrip.com/place/ningde490.html
福清,https://you.ctrip.com/place/fuqing1152.html
南靖,https://you.ctrip.com/place/nanjing2672.html
惠安,https://you.ctrip.com/place/huian2680.html
闽侯,https://you.ctrip.com/place/minhou2666.html
福鼎,https://you.ctrip.com/place/fuding613.html
云霄,https://you.ctrip.com/place/yunxiao2669.html
成都,https://you.ctrip.com/place/chengdu104.html
九寨沟,https://you.ctrip.com/place/jiuzhaigou25.html
阿坝藏族羌族自治州,https://you.ctrip.com/place/abaprefecture744.html
稻城,https://you.ctrip.com/place/daocheng342.html
康定,https://you.ctrip.com/place/kangding344.html
小金,https://you.ctrip.com/place/xiaojin3110.html
绵阳,https://you.ctrip.com/place/mianyang915.html
甘孜藏族自治州,https://you.ctrip.com/place/ganziprefecture754.html
都江堰,https://you.ctrip.com/place/dujiangyan911.html
乐山,https://you.ctrip.com/place/leshan103.html
峨眉山,https://you.ctrip.com/place/emeishan24.html
西昌,https://you.ctrip.com/place/xichang592.html
宜宾,https://you.ctrip.com/place/yibin278.html
南充,https://you.ctrip.com/place/nanchong782.html
雅安,https://you.ctrip.com/place/yaan917.html
达州,https://you.ctrip.com/place/dazhou910.html
泸州,https://you.ctrip.com/place/luzhou604.html
广元,https://you.ctrip.com/place/guangyuan593.html
简阳,https://you.ctrip.com/place/jianyang3122.html
理塘,https://you.ctrip.com/place/litang3150.html
武汉,https://you.ctrip.com/place/wuhan145.html
宜昌,https://you.ctrip.com/place/yichang313.html
恩施土家族苗族自治州,https://you.ctrip.com/place/enshiprefecture487.html
襄阳,https://you.ctrip.com/place/xiangyang414.html
神农架,https://you.ctrip.com/place/shennongjia147.html
荆州,https://you.ctrip.com/place/jingzhou413.html
恩施市,https://you.ctrip.com/place/enshishi1446196.html
十堰,https://you.ctrip.com/place/shiyan464.html
黄石,https://you.ctrip.com/place/huangshi710.html
孝感,https://you.ctrip.com/place/xiaogan862.html
咸宁,https://you.ctrip.com/place/xianning861.html
丹江口,https://you.ctrip.com/place/danjiangkou1018.html
鄂州,https://you.ctrip.com/place/ezhou858.html
荆门,https://you.ctrip.com/place/jingmen634.html
秭归,https://you.ctrip.com/place/zigui2726.html
黄冈,https://you.ctrip.com/place/huanggang859.html
随州,https://you.ctrip.com/place/suizhou860.html
黄梅,https://you.ctrip.com/place/huangmei2689.html
潜江,https://you.ctrip.com/place/qianjiang985.html
天门,https://you.ctrip.com/place/tianmen987.html
长春,https://you.ctrip.com/place/changchun216.html
延吉,https://you.ctrip.com/place/yanji475.html
吉林市,https://you.ctrip.com/place/jilin267.html
白山,https://you.ctrip.com/place/baishan871.html
安图,https://you.ctrip.com/place/antu643.html
四平,https://you.ctrip.com/place/siping556.html
通化,https://you.ctrip.com/place/tonghua874.html
白城,https://you.ctrip.com/place/baicheng870.html
松原,https://you.ctrip.com/place/songyuan873.html
长白,https://you.ctrip.com/place/changbai2463.html
梅河口,https://you.ctrip.com/place/meihekou2468.html
抚松,https://you.ctrip.com/place/fusong2479.html
珲春,https://you.ctrip.com/place/hunchun2461.html
敦化,https://you.ctrip.com/place/dunhua1388.html
公主岭,https://you.ctrip.com/place/gongzhuling1360.html
辽源,https://you.ctrip.com/place/liaoyuan872.html
扶余,https://you.ctrip.com/place/fuyu1446006.html
德惠,https://you.ctrip.com/place/dehui2473.html
集安,https://you.ctrip.com/place/jian2467.html
蛟河,https://you.ctrip.com/place/jiaohe2471.html
银川,https://you.ctrip.com/place/yinchuan239.html
中卫,https://you.ctrip.com/place/zhongwei1184.html
吴忠,https://you.ctrip.com/place/wuzhong890.html
固原,https://you.ctrip.com/place/guyuan888.html
灵武,https://you.ctrip.com/place/lingwu2323.html
石嘴山,https://you.ctrip.com/place/shizuishan889.html
贺兰,https://you.ctrip.com/place/helan2119.html
中宁,https://you.ctrip.com/place/zhongning2328.html
盐池,https://you.ctrip.com/place/yanchi1446190.html
青铜峡,https://you.ctrip.com/place/qingtongxia2330.html
平罗,https://you.ctrip.com/place/pingluo2102.html
永宁,https://you.ctrip.com/place/yongning2324.html
同心,https://you.ctrip.com/place/tongxin2327.html
泾源,https://you.ctrip.com/place/jingyuan2329.html
西吉,https://you.ctrip.com/place/xiji1446188.html
海原,https://you.ctrip.com/place/haiyuan2325.html
彭阳,https://you.ctrip.com/place/pengyang1446189.html
隆德,https://you.ctrip.com/place/longde2326.html
西安,https://you.ctrip.com/place/xian7.html
咸阳,https://you.ctrip.com/place/xianyang632.html
汉中,https://you.ctrip.com/place/hanzhong486.html
延安,https://you.ctrip.com/place/yanan423.html
宝鸡,https://you.ctrip.com/place/baoji422.html
榆林,https://you.ctrip.com/place/yulin485.html
渭南,https://you.ctrip.com/place/weinan908.html
安康,https://you.ctrip.com/place/ankang545.html
华阴,https://you.ctrip.com/place/huayin476.html
石泉,https://you.ctrip.com/place/shiquan2765.html
神木,https://you.ctrip.com/place/shenmu2762.html
商洛,https://you.ctrip.com/place/shangluo906.html
眉县,https://you.ctrip.com/place/meicounty2776.html
大荔,https://you.ctrip.com/place/dali2748.html
靖边,https://you.ctrip.com/place/jingbianxian2745.html
韩城,https://you.ctrip.com/place/hancheng120420.html
城固,https://you.ctrip.com/place/chenggu143839.html
礼泉,https://you.ctrip.com/place/liquan2759.html
铜川,https://you.ctrip.com/place/tongchuan907.html
宜川,https://you.ctrip.com/place/yichuan2757.html
长沙,https://you.ctrip.com/place/changsha148.html
张家界,https://you.ctrip.com/place/zhangjiajie23.html
凤凰,https://you.ctrip.com/place/fenghuang988.html
郴州,https://you.ctrip.com/place/chenzhou336.html
衡阳,https://you.ctrip.com/place/hengyang864.html
岳阳,https://you.ctrip.com/place/yueyang287.html
株洲,https://you.ctrip.com/place/zhuzhou1174.html
常德,https://you.ctrip.com/place/changde417.html
怀化,https://you.ctrip.com/place/huaihua655.html
长沙县,https://you.ctrip.com/place/changshacounty1446209.html
湘潭,https://you.ctrip.com/place/xiangtan1417.html
邵阳,https://you.ctrip.com/place/shaoyang867.html
永州,https://you.ctrip.com/place/yongzhou869.html
吉首,https://you.ctrip.com/place/jishou865.html
娄底,https://you.ctrip.com/place/loudi866.html
益阳,https://you.ctrip.com/place/yiyang868.html
永顺,https://you.ctrip.com/place/yongshun1446211.html
浏阳,https://you.ctrip.com/place/liuyang1337.html
韶山,https://you.ctrip.com/place/shaoshan346.html
衡山,https://you.ctrip.com/place/hengshan277.html
合肥,https://you.ctrip.com/place/hefei196.html
黄山,https://you.ctrip.com/place/huangshan120061.html
芜湖,https://you.ctrip.com/place/wuhu457.html
阜阳,https://you.ctrip.com/place/fuyang361.html
蚌埠,https://you.ctrip.com/place/bengbu205.html
池州,https://you.ctrip.com/place/chizhou825.html
安庆,https://you.ctrip.com/place/anqing179.html
六安,https://you.ctrip.com/place/luan502.html
淮南,https://you.ctrip.com/place/huainan638.html
青阳,https://you.ctrip.com/place/qingyang2613.html
宿州,https://you.ctrip.com/place/suzhou672.html
马鞍山,https://you.ctrip.com/place/maanshan503.html
滁州,https://you.ctrip.com/place/chuzhou228.html
黟县,https://you.ctrip.com/place/yicounty528.html
宣城,https://you.ctrip.com/place/xuancheng504.html
亳州,https://you.ctrip.com/place/bozhou404.html
淮北,https://you.ctrip.com/place/huaibei657.html
铜陵,https://you.ctrip.com/place/tongling472.html
金寨,https://you.ctrip.com/place/jinzhai2623.html
泾县,https://you.ctrip.com/place/jingcounty2616.html
桂林,https://you.ctrip.com/place/guilin28.html
南宁,https://you.ctrip.com/place/nanning166.html
北海,https://you.ctrip.com/place/beihai140.html
阳朔,https://you.ctrip.com/place/yangshuo702.html
柳州,https://you.ctrip.com/place/liuzhou143.html
玉林,https://you.ctrip.com/place/yulin141.html
防城港,https://you.ctrip.com/place/fangchenggang698.html
崇左,https://you.ctrip.com/place/chongzuo837.html
贺州,https://you.ctrip.com/place/hezhou707.html
梧州,https://you.ctrip.com/place/wuzhou142.html
大新,https://you.ctrip.com/place/daxin963.html
百色,https://you.ctrip.com/place/baise524.html
贵港,https://you.ctrip.com/place/guigang711.html
钦州,https://you.ctrip.com/place/qinzhou697.html
龙胜,https://you.ctrip.com/place/longsheng1445120.html
东兴,https://you.ctrip.com/place/dongxing964.html
来宾,https://you.ctrip.com/place/laibin839.html
桂平,https://you.ctrip.com/place/guiping418.html
河池,https://you.ctrip.com/place/hechi838.html
平南,https://you.ctrip.com/place/pingnan1398.html
昆明,https://you.ctrip.com/place/kunming29.html
丽江,https://you.ctrip.com/place/lijiang32.html
大理市,https://you.ctrip.com/place/dali1445616.html
西双版纳,https://you.ctrip.com/place/xishuangbanna30.html
香格里拉,https://you.ctrip.com/place/shangri-la106.html
景洪,https://you.ctrip.com/place/jinghong2154.html
大理白族自治州,https://you.ctrip.com/place/daliprefecture31.html
腾冲,https://you.ctrip.com/place/tengchong696.html
宁蒗,https://you.ctrip.com/place/ninglang2169.html
弥勒,https://you.ctrip.com/place/mile1342.html
保山,https://you.ctrip.com/place/baoshan420.html
玉龙,https://you.ctrip.com/place/yulong1446279.html
德钦,https://you.ctrip.com/place/deqin2178.html
芒市,https://you.ctrip.com/place/mangshi2199.html
普洱,https://you.ctrip.com/place/puer928.html
澄江,https://you.ctrip.com/place/chengjiang2171.html
曲靖,https://you.ctrip.com/place/qujing509.html
玉溪,https://you.ctrip.com/place/yuxi477.html
丘北,https://you.ctrip.com/place/qiubei2175.html
建水,https://you.ctrip.com/place/jianshui2151.html
哈尔滨,https://you.ctrip.com/place/harbin151.html
齐齐哈尔,https://you.ctrip.com/place/qiqihar395.html
牡丹江,https://you.ctrip.com/place/mudanjiang264.html
佳木斯,https://you.ctrip.com/place/jiamusi501.html
大庆,https://you.ctrip.com/place/daqing531.html
漠河,https://you.ctrip.com/place/mohe983.html
鸡西,https://you.ctrip.com/place/jixi852.html
伊春,https://you.ctrip.com/place/yichun498.html
黑河,https://you.ctrip.com/place/heihe265.html
双鸭山,https://you.ctrip.com/place/shuangyashan854.html
绥芬河,https://you.ctrip.com/place/suifenhe855.html
绥化,https://you.ctrip.com/place/suihua856.html
五常,https://you.ctrip.com/place/wuchang2237.html
鹤岗,https://you.ctrip.com/place/hegang811.html
大兴安岭,https://you.ctrip.com/place/daxinganling396.html
七台河,https://you.ctrip.com/place/qitaihe1179.html
海林,https://you.ctrip.com/place/hailin2240.html
尚志,https://you.ctrip.com/place/shangzhi853.html
抚远,https://you.ctrip.com/place/fuyuan1446003.html
塔河,https://you.ctrip.com/place/tahe1445182.html
贵阳,https://you.ctrip.com/place/guiyang33.html
遵义,https://you.ctrip.com/place/zunyi204.html
荔波,https://you.ctrip.com/place/libo659.html
安顺,https://you.ctrip.com/place/anshun518.html
六盘水,https://you.ctrip.com/place/liupanshui679.html
铜仁,https://you.ctrip.com/place/tongren680.html
雷山,https://you.ctrip.com/place/leishan2345.html
兴义,https://you.ctrip.com/place/xingyi519.html
凯里,https://you.ctrip.com/place/kaili491.html
毕节,https://you.ctrip.com/place/bijie521.html
镇宁,https://you.ctrip.com/place/zhenning2356.html
都匀,https://you.ctrip.com/place/duyun678.html
镇远,https://you.ctrip.com/place/zhenyuan1840.html
黎平,https://you.ctrip.com/place/liping1346.html
江口,https://you.ctrip.com/place/jiangkou2334.html
从江,https://you.ctrip.com/place/congjiang2344.html
关岭,https://you.ctrip.com/place/guanling1446303.html
清镇,https://you.ctrip.com/place/qingzhen1782.html
仁怀,https://you.ctrip.com/place/renhuai1905.html
赤水,https://you.ctrip.com/place/chishui1770.html
乌鲁木齐,https://you.ctrip.com/place/urumqi117.html
伊宁市,https://you.ctrip.com/place/yining2058.html
伊犁,https://you.ctrip.com/place/ili115.html
喀什市,https://you.ctrip.com/place/kashgar2507.html
布尔津,https://you.ctrip.com/place/burqin1010.html
喀什地区,https://you.ctrip.com/place/kashgarprefecture124.html
新源,https://you.ctrip.com/place/xinyuan2500.html
博乐,https://you.ctrip.com/place/bole922.html
库尔勒,https://you.ctrip.com/place/korla429.html
特克斯,https://you.ctrip.com/place/tekesi1446388.html
阿勒泰地区,https://you.ctrip.com/place/altayprefecture427.html
克拉玛依,https://you.ctrip.com/place/karamay428.html
吐鲁番,https://you.ctrip.com/place/turpan35.html
奎屯,https://you.ctrip.com/place/kuitun1169.html
霍城,https://you.ctrip.com/place/huocheng1446379.html
和静,https://you.ctrip.com/place/hejing2485.html
库车,https://you.ctrip.com/place/kuqa1345.html
阿克苏地区,https://you.ctrip.com/place/aksuprefecture920.html
哈密,https://you.ctrip.com/place/hami567.html
昭苏,https://you.ctrip.com/place/zhaosu2508.html
南昌,https://you.ctrip.com/place/nanchang175.html
九江,https://you.ctrip.com/place/jiujiang877.html
庐山,https://you.ctrip.com/place/lushan2390.html
婺源,https://you.ctrip.com/place/wuyuan446.html
景德镇,https://you.ctrip.com/place/jingdezhen405.html
赣州,https://you.ctrip.com/place/ganzhou473.html
上饶,https://you.ctrip.com/place/shangrao547.html
萍乡,https://you.ctrip.com/place/pingxiang714.html
宜春,https://you.ctrip.com/place/yichun743.html
吉安,https://you.ctrip.com/place/jian876.html
井冈山,https://you.ctrip.com/place/jinggangshan171.html
鹰潭,https://you.ctrip.com/place/yingtan186.html
抚州,https://you.ctrip.com/place/fuzhou875.html
芦溪,https://you.ctrip.com/place/luxi1445977.html
玉山,https://you.ctrip.com/place/yushan1013.html
新余,https://you.ctrip.com/place/xinyu878.html
南昌县,https://you.ctrip.com/place/nanchangcounty2429.html
瑞金,https://you.ctrip.com/place/ruijin1159.html
永修,https://you.ctrip.com/place/yongxiu1848.html
丰城,https://you.ctrip.com/place/fengcheng1839.html
兰州,https://you.ctrip.com/place/lanzhou231.html
敦煌,https://you.ctrip.com/place/dunhuang8.html
张掖,https://you.ctrip.com/place/zhangye283.html
天水,https://you.ctrip.com/place/tianshui285.html
甘南,https://you.ctrip.com/place/gannan426.html
嘉峪关,https://you.ctrip.com/place/jiayuguan284.html
酒泉,https://you.ctrip.com/place/jiuquan282.html
陇南,https://you.ctrip.com/place/longnan1491.html
武威,https://you.ctrip.com/place/wuwei290.html
庆阳,https://you.ctrip.com/place/qingyang834.html
夏河,https://you.ctrip.com/place/xiahe2792.html
临泽,https://you.ctrip.com/place/linze2791.html
迭部,https://you.ctrip.com/place/diebu1446184.html
金昌,https://you.ctrip.com/place/jinchang832.html
永登,https://you.ctrip.com/place/yongdeng2793.html
定西,https://you.ctrip.com/place/dingxi830.html
平凉,https://you.ctrip.com/place/pingliang424.html
白银,https://you.ctrip.com/place/baiyin828.html
碌曲,https://you.ctrip.com/place/luqu2799.html
秦安,https://you.ctrip.com/place/qinan1446177.html
西宁,https://you.ctrip.com/place/xining237.html
海西,https://you.ctrip.com/place/haixizhou120012.html
格尔木,https://you.ctrip.com/place/golmud332.html
共和,https://you.ctrip.com/place/gonghe2644.html
乌兰,https://you.ctrip.com/place/wulan1446307.html
祁连,https://you.ctrip.com/place/qilian120123.html
德令哈,https://you.ctrip.com/place/delingha891.html
茫崖,https://you.ctrip.com/place/mangya2026914.html
都兰,https://you.ctrip.com/place/dulan2638.html
海东,https://you.ctrip.com/place/haidong120010.html
刚察,https://you.ctrip.com/place/gangcha892.html
门源,https://you.ctrip.com/place/menyuan1446317.html
玉树市,https://you.ctrip.com/place/yushu1446308.html
互助,https://you.ctrip.com/place/huzhu2637.html
湟源,https://you.ctrip.com/place/huangyuan2643.html
大通,https://you.ctrip.com/place/datong1446304.html
贵德,https://you.ctrip.com/place/guide2636.html
海晏,https://you.ctrip.com/place/haiyan1445066.html
久治,https://you.ctrip.com/place/jiuzhi1446312.html
果洛,https://you.ctrip.com/place/golog120013.html
秦皇岛,https://you.ctrip.com/place/qinhuangdao132.html
石家庄,https://you.ctrip.com/place/shijiazhuang199.html
昌黎,https://you.ctrip.com/place/changli1835.html
唐山,https://you.ctrip.com/place/tangshan200.html
保定,https://you.ctrip.com/place/baoding459.html
承德,https://you.ctrip.com/place/chengde135.html
邯郸,https://you.ctrip.com/place/handan495.html
张家口,https://you.ctrip.com/place/zhangjiakou497.html
沧州,https://you.ctrip.com/place/cangzhou540.html
廊坊,https://you.ctrip.com/place/langfang582.html
邢台,https://you.ctrip.com/place/xingtai460.html
衡水,https://you.ctrip.com/place/hengshui461.html
涞水,https://you.ctrip.com/place/laishui2545.html
正定,https://you.ctrip.com/place/zhengding2581.html
丰宁,https://you.ctrip.com/place/fengning568.html
霸州,https://you.ctrip.com/place/bazhou1834.html
高碑店,https://you.ctrip.com/place/gaobeidian1124.html
固安,https://you.ctrip.com/place/guan2586.html
涿州,https://you.ctrip.com/place/zhuozhou848.html
怀来,https://you.ctrip.com/place/huailai2527.html
呼和浩特,https://you.ctrip.com/place/hohhot156.html
呼伦贝尔,https://you.ctrip.com/place/hulunbuir458.html
包头,https://you.ctrip.com/place/baotou347.html
赤峰,https://you.ctrip.com/place/chifeng483.html
鄂尔多斯,https://you.ctrip.com/place/ordos600.html
满洲里,https://you.ctrip.com/place/manzhouli319.html
通辽,https://you.ctrip.com/place/tongliao885.html
乌兰察布,https://you.ctrip.com/place/ulanqab1358.html
额尔古纳,https://you.ctrip.com/place/eerguna2026.html
乌兰浩特,https://you.ctrip.com/place/ulanhot1316.html
锡林浩特,https://you.ctrip.com/place/xilinhot1373.html
达拉特旗,https://you.ctrip.com/place/dalateqi2964.html
乌海,https://you.ctrip.com/place/wuhai677.html
巴彦淖尔,https://you.ctrip.com/place/bayannur883.html
阿尔山,https://you.ctrip.com/place/aershan120084.html
克什克腾旗,https://you.ctrip.com/place/keshenketengqi2971.html
陈巴尔虎旗,https://you.ctrip.com/place/chenbaerhuqi1446352.html
额济纳旗,https://you.ctrip.com/place/ejinaqi2973.html
扎兰屯,https://you.ctrip.com/place/zhalantun2972.html
根河,https://you.ctrip.com/place/genhe2955.html
郑州,https://you.ctrip.com/place/zhengzhou157.html
洛阳,https://you.ctrip.com/place/luoyang198.html
南阳,https://you.ctrip.com/place/nanyang591.html
开封,https://you.ctrip.com/place/kaifeng165.html
新乡,https://you.ctrip.com/place/xinxiang474.html
信阳,https://you.ctrip.com/place/xinyang448.html
商丘,https://you.ctrip.com/place/shangqiu849.html
安阳,https://you.ctrip.com/place/anyang412.html
许昌,https://you.ctrip.com/place/xuchang465.html
焦作,https://you.ctrip.com/place/jiaozuo663.html
驻马店,https://you.ctrip.com/place/zhumadian642.html
周口,https://you.ctrip.com/place/zhoukou709.html
漯河,https://you.ctrip.com/place/luohe664.html
平顶山,https://you.ctrip.com/place/pingdingshan810.html
栾川,https://you.ctrip.com/place/luanchuan1930.html
濮阳,https://you.ctrip.com/place/puyang581.html
三门峡,https://you.ctrip.com/place/sanmenxia522.html
新郑,https://you.ctrip.com/place/xinzheng2264.html
新密,https://you.ctrip.com/place/xinmi1163.html
中牟,https://you.ctrip.com/place/zhongmou1446088.html
太原,https://you.ctrip.com/place/taiyuan167.html
大同,https://you.ctrip.com/place/datong275.html
五台,https://you.ctrip.com/place/wutai1446115.html
忻州,https://you.ctrip.com/place/xinzhou783.html
长治,https://you.ctrip.com/place/changzhi901.html
运城,https://you.ctrip.com/place/yuncheng397.html
平遥,https://you.ctrip.com/place/pingyao365.html
临汾,https://you.ctrip.com/place/linfen318.html
晋中,https://you.ctrip.com/place/jinzhong639.html
晋城,https://you.ctrip.com/place/jincheng665.html
阳泉,https://you.ctrip.com/place/yangquan904.html
吕梁,https://you.ctrip.com/place/lvliang902.html
朔州,https://you.ctrip.com/place/shuozhou903.html
侯马,https://you.ctrip.com/place/houma3019.html
介休,https://you.ctrip.com/place/jiexiu2982.html
壶关,https://you.ctrip.com/place/huguan1446117.html
高平,https://you.ctrip.com/place/gaoping3003.html
应县,https://you.ctrip.com/place/yingcounty3006.html
浑源,https://you.ctrip.com/place/hunyuan3026.html
原平,https://you.ctrip.com/place/yuanping3014.html
拉萨,https://you.ctrip.com/place/lhasa36.html
日喀则,https://you.ctrip.com/place/rikaze100.html
林芝,https://you.ctrip.com/place/nyingchi126.html
阿里,https://you.ctrip.com/place/ali99.html
定日,https://you.ctrip.com/place/dingri2450.html
米林,https://you.ctrip.com/place/milin2448.html
波密,https://you.ctrip.com/place/bomi2436.html
山南,https://you.ctrip.com/place/shannan339.html
那曲,https://you.ctrip.com/place/naqu919.html
当雄,https://you.ctrip.com/place/dangxiong2443.html
八宿,https://you.ctrip.com/place/basu120403.html
贡嘎,https://you.ctrip.com/place/gongga120408.html
昌都,https://you.ctrip.com/place/qamdo559.html
工布江达,https://you.ctrip.com/place/gongbujiangda120396.html
墨脱,https://you.ctrip.com/place/motuo120397.html
普兰,https://you.ctrip.com/place/pulan2440.html
芒康,https://you.ctrip.com/place/mangkang2452.html
左贡,https://you.ctrip.com/place/zuogong120405.html
比如,https://you.ctrip.com/place/biru120390.html
浪卡子,https://you.ctrip.com/place/langqiazi2438.html
东京,https://you.ctrip.com/place/tokyo294.html
曼谷,https://you.ctrip.com/place/bangkok191.html
新加坡,https://you.ctrip.com/place/singapore53.html
大阪,https://you.ctrip.com/place/osaka293.html
首尔,https://you.ctrip.com/place/seoul234.html
普吉岛,https://you.ctrip.com/place/phuket364.html
马累,https://you.ctrip.com/place/mal57616.html
巴厘岛,https://you.ctrip.com/place/bali438.html
吉隆坡,https://you.ctrip.com/place/kualalumpur45.html
迪拜,https://you.ctrip.com/place/dubai1062.html
清迈,https://you.ctrip.com/place/chiangmai209.html
京都,https://you.ctrip.com/place/kyoto430.html
济州市,https://you.ctrip.com/place/jeju1446512.html
胡志明市,https://you.ctrip.com/place/hochiminhcity434.html
仙本那,https://you.ctrip.com/place/semporna14898.html
哥打京那巴鲁,https://you.ctrip.com/place/kotakinabalu583.html
芽庄,https://you.ctrip.com/place/nhatrang670.html
马尼拉,https://you.ctrip.com/place/manila367.html
伊斯坦布尔,https://you.ctrip.com/place/istanbul258.html
名古屋,https://you.ctrip.com/place/nagoya2127.html
苏梅岛,https://you.ctrip.com/place/kohsamui566.html
福冈,https://you.ctrip.com/place/fukuoka576.html
芭堤雅,https://you.ctrip.com/place/pattaya208.html
札幌,https://you.ctrip.com/place/sapporo1878.html
科伦坡,https://you.ctrip.com/place/colombo753.html
西归浦市,https://you.ctrip.com/place/seogwipo14755.html
冲绳,https://you.ctrip.com/place/okinawa1446652.html
暹粒,https://you.ctrip.com/place/siemreap599.html
乔治市,https://you.ctrip.com/place/georgetown57611.html
河内,https://you.ctrip.com/place/hanoi181.html
伦敦,https://you.ctrip.com/place/london309.html
巴黎,https://you.ctrip.com/place/paris308.html
罗马,https://you.ctrip.com/place/rome303.html
莫斯科,https://you.ctrip.com/place/moscow358.html
米兰,https://you.ctrip.com/place/milan304.html
法兰克福,https://you.ctrip.com/place/frankfurt305.html
马德里,https://you.ctrip.com/place/madrid378.html
阿姆斯特丹,https://you.ctrip.com/place/amsterdam299.html
曼彻斯特,https://you.ctrip.com/place/manchester588.html
雅典,https://you.ctrip.com/place/athens382.html
巴塞罗那,https://you.ctrip.com/place/barcelona381.html
爱丁堡,https://you.ctrip.com/place/edinburgh389.html
慕尼黑,https://you.ctrip.com/place/munich572.html
里斯本,https://you.ctrip.com/place/lisbon574.html
布达佩斯,https://you.ctrip.com/place/budapest1109.html
都柏林,https://you.ctrip.com/place/dublin819.html
柏林,https://you.ctrip.com/place/berlin306.html
贝尔格莱德,https://you.ctrip.com/place/belgrade21229.html
维也纳,https://you.ctrip.com/place/vienna439.html
雷克雅未克,https://you.ctrip.com/place/reykjavik1044.html
威斯敏斯特城,https://you.ctrip.com/place/cityofwestminster1691491.html
赫尔辛基,https://you.ctrip.com/place/helsinki452.html
哥本哈根,https://you.ctrip.com/place/copenhagen449.html
苏黎世,https://you.ctrip.com/place/zurich301.html
斯德哥尔摩,https://you.ctrip.com/place/stockholm451.html
日内瓦,https://you.ctrip.com/place/geneva302.html
尼斯,https://you.ctrip.com/place/nice580.html
布鲁塞尔,https://you.ctrip.com/place/brussels298.html
威尼斯,https://you.ctrip.com/place/venice340.html
海参崴,https://you.ctrip.com/place/vladivostok4690.html
开罗,https://you.ctrip.com/place/cairo326.html
内罗毕,https://you.ctrip.com/place/nairobi795.html
毛里求斯,https://you.ctrip.com/place/mauritius2133834.html
卡萨布兰卡,https://you.ctrip.com/place/casablanca1693.html
约翰内斯堡,https://you.ctrip.com/place/johannesburg328.html
开普敦,https://you.ctrip.com/place/capetown327.html
马拉喀什,https://you.ctrip.com/place/marrakech1748.html
赫尔格达,https://you.ctrip.com/place/hurghada1098.html
达累斯萨拉姆,https://you.ctrip.com/place/daressalaam939.html
突尼斯,https://you.ctrip.com/place/tunis940.html
阿斯旺,https://you.ctrip.com/place/aswan411.html
亚的斯亚贝巴,https://you.ctrip.com/place/addisababa936.html
卢克索,https://you.ctrip.com/place/luxor410.html
拉各斯,https://you.ctrip.com/place/lagos30527.html
马埃岛,https://you.ctrip.com/place/maheisland1805.html
阿鲁沙,https://you.ctrip.com/place/arusha19895.html
阿尔及尔,https://you.ctrip.com/place/algiers20448.html
温得和克,https://you.ctrip.com/place/windhoek19988.html
Kafr Nassar,https://you.ctrip.com/place/kafrnassar1639781.html
阿克拉,https://you.ctrip.com/place/accra22026.html
塞舌尔,https://you.ctrip.com/place/seychelles2134139.html
阿比让,https://you.ctrip.com/place/abidjan10513.html
哈拉雷,https://you.ctrip.com/place/harare1255.html
恩德培,https://you.ctrip.com/place/entebbe21957.html
亚历山大,https://you.ctrip.com/place/alexandria777.html
卢萨卡,https://you.ctrip.com/place/lusaka1312.html
塔那那利佛,https://you.ctrip.com/place/antananarivo4540.html
拉巴特,https://you.ctrip.com/place/rabat1735.html
非斯,https://you.ctrip.com/place/fes1730.html
桑给巴尔,https://you.ctrip.com/place/zanzibar1923699.html
温哥华,https://you.ctrip.com/place/vancouver354.html
洛杉矶,https://you.ctrip.com/place/losangeles120518.html
多伦多,https://you.ctrip.com/place/toronto355.html
纽约,https://you.ctrip.com/place/newyork248.html
旧金山,https://you.ctrip.com/place/sanfrancisco249.html
西雅图,https://you.ctrip.com/place/seattle253.html
芝加哥,https://you.ctrip.com/place/chicago254.html
蒙特利尔,https://you.ctrip.com/place/montreal661.html
檀香山,https://you.ctrip.com/place/honolulu2060.html
拉斯维加斯,https://you.ctrip.com/place/lasvegas252.html
卡尔加里,https://you.ctrip.com/place/calgary1430.html
波士顿,https://you.ctrip.com/place/boston442.html
达拉斯,https://you.ctrip.com/place/dallas1048.html
亚特兰大,https://you.ctrip.com/place/atlanta944.html
奥兰多,https://you.ctrip.com/place/orlando1827.html
西黄石,https://you.ctrip.com/place/westyellowstone38568.html
墨西哥城,https://you.ctrip.com/place/mexicocity352.html
休斯敦,https://you.ctrip.com/place/houston943.html
底特律,https://you.ctrip.com/place/detroit36539.html
波士顿,https://you.ctrip.com/place/boston40346.html
埃德蒙顿,https://you.ctrip.com/place/edmonton1816.html
盐湖城,https://you.ctrip.com/place/saltlakecity1432.html
华盛顿,https://you.ctrip.com/place/washingtondc257.html
圣地亚哥,https://you.ctrip.com/place/sandiego1954.html
塞班岛,https://you.ctrip.com/place/saipan569.html
华盛顿,https://you.ctrip.com/place/washington19278.html
渥太华,https://you.ctrip.com/place/ottawa356.html
迈阿密,https://you.ctrip.com/place/miami1920.html
温尼伯,https://you.ctrip.com/place/winnipeg31410.html
班夫,https://you.ctrip.com/place/banff1446683.html
巴塞罗那,https://you.ctrip.com/place/barcelona14245.html
布宜诺斯艾利斯,https://you.ctrip.com/place/buenosaires931.html
圣保罗,https://you.ctrip.com/place/saopaulo933.html
基多,https://you.ctrip.com/place/quito1856.html
利马,https://you.ctrip.com/place/lima934.html
圣地亚哥,https://you.ctrip.com/place/santiago1447011.html
波哥大,https://you.ctrip.com/place/bogota1702.html
里约热内卢,https://you.ctrip.com/place/riodejaneiro932.html
乌斯怀亚,https://you.ctrip.com/place/ushuaia1685.html
蓬塔阿雷拉斯,https://you.ctrip.com/place/puntaarenas1589.html
瓜亚基尔,https://you.ctrip.com/place/guayaquil1504.html
加拉加斯,https://you.ctrip.com/place/caracas14213.html
巴西利亚,https://you.ctrip.com/place/brasilia1426.html
麦德林,https://you.ctrip.com/place/medellin21293.html
帕拉马里博,https://you.ctrip.com/place/paramaribo22817.html
库斯科,https://you.ctrip.com/place/cusco1414.html
圣克鲁斯,https://you.ctrip.com/place/santacruz121421.html
蒙得维的亚,https://you.ctrip.com/place/montevideo1595.html
明多,https://you.ctrip.com/place/mindo20863.html
拉巴斯,https://you.ctrip.com/place/lapaz1619.html
阿雷格里港,https://you.ctrip.com/place/portoalegre1723.html
贝洛奥里藏特,https://you.ctrip.com/place/belohorizonte13862.html
卡塔赫纳,https://you.ctrip.com/place/cartagena21268.html
萨尔瓦多,https://you.ctrip.com/place/salvador1724.html
弗洛里亚诺波利斯,https://you.ctrip.com/place/florianopolis13972.html
福斯－杜伊瓜苏,https://you.ctrip.com/place/fozdoiguacu14022.html
复活节岛,https://you.ctrip.com/place/easterisland1418.html
马瑙斯,https://you.ctrip.com/place/manaus13750.html
米拉弗洛雷斯,https://you.ctrip.com/place/miraflores1701491.html
累西腓,https://you.ctrip.com/place/recife1812.html
悉尼,https://you.ctrip.com/place/sydney236.html
墨尔本,https://you.ctrip.com/place/melbourne312.html
奥克兰,https://you.ctrip.com/place/auckland320.html
布里斯班,https://you.ctrip.com/place/brisbane323.html
珀斯,https://you.ctrip.com/place/perth2014499.html
阿德莱德,https://you.ctrip.com/place/adelaide626.html
基督城,https://you.ctrip.com/place/christchurch695.html
楠迪,https://you.ctrip.com/place/nadi1339.html
皇后镇,https://you.ctrip.com/place/queenstown684.html
凯恩斯,https://you.ctrip.com/place/cairns453.html
惠灵顿,https://you.ctrip.com/place/wellington755.html
The Rocks,https://you.ctrip.com/place/therocks2127185.html
堪培拉,https://you.ctrip.com/place/canberra321.html
Auckland Central,https://you.ctrip.com/place/aucklandcentral2127608.html
冲浪者天堂,https://you.ctrip.com/place/surfersparadise2125845.html
Haymarket,https://you.ctrip.com/place/haymarket2126388.html
霍巴特,https://you.ctrip.com/place/hobart629.html
科罗尔,https://you.ctrip.com/place/koror25085.html
南岸,https://you.ctrip.com/place/southbank1465890.html
墨尔本滨海港区,https://you.ctrip.com/place/docklands1470108.html
马斯特特,https://you.ctrip.com/place/mascot2126788.html
迪那桡岛,https://you.ctrip.com/place/denarauisland1950502.html
Chippendale,https://you.ctrip.com/place/chippendale2126597.html
卡尔敦,https://you.ctrip.com/place/carlton2124776.html
马洛洛岛,https://you.ctrip.com/place/maloloisland1903271.html
大溪地,https://you.ctrip.com/place/tahiti1354.html
派蒙,https://you.ctrip.com/place/pyrmont2126870.html
达尔文,https://you.ctrip.com/place/darwin325.html
特卡波湖,https://you.ctrip.com/place/laketekapo57959.html
莎莉山,https://you.ctrip.com/place/surryhills2126966.html
